{
  "condition": "minecraft:any_of",
  "terms": [
    {
      "condition": "minecraft:entity_properties",
      "entity": "this",
      "predicate": {
        "slots": {
          "weapon.mainhand": {
            "items": "#dynamic_lights_by_creepermeyt:light_10"
          }
        }
      }
    },
    {
      "condition": "minecraft:entity_properties",
      "entity": "this",
      "predicate": {
        "slots": {
          "weapon.offhand": {
            "items": "#dynamic_lights_by_creepermeyt:light_10"
          }
        }
      }
    }
  ]
}